proc,num
AcroRd32.exe,0
amtrucks.exe,1
Calculator.exe,2
ACS.exe,3
clion64.exe,4
ONENOTEM.EXE,5
notepad++.exe,6
firefox.exe,7
PaintStudio.View.exe,8
pycharm64.exe,9
idea64.exe,10
webstorm64.exe,11
WebStorm-2018.3.4.exe,12
Minesweeper.exe,13
Anaconda3-5.3.0-Windows-x86_64.exe,14
vlc.exe,15
Photoshop.exe,16
Smash Hit Ball.exe,17
studio64.exe,18
Cascade-Trainer-GUI.exe,19
XD CC.exe,20
octave-gui.exe,21
codeblocks.exe,22
FormatFactory.exe,23
Blend.exe,24
c++.exe,25
CLion-2018.3.3.exe,26
SqlLocalDB.exe,27
SketchUp.exe,28
HouseFlipper.exe,29
3dsmax.exe,30
LMU.exe,31
SweetHome3D-6.1.2-windows.exe,32
blender.exe,33
PowerDirector_video_editing.exe,34
PDHanumanSvr.exe,35
iexplore.exe,36
cb_share_config.exe,37
EpicPen.exe,38
winsdksetup.exe,39
Keygen.exe,40
NFSHP2.exe,41
Music.UI.exe,42
Descenders.exe,43
ffmpeg.exe,44
dedicatedServer.exe,45
